name,best,abs_super,details
baseline,N,0.0,This model predicts every input simply as the mean value of time of the training data. 
ols,Y,596489.4366062909,"coefficient: [[ 2.2766e+01, -1.7509e+02,  3.7599e+01,  8.9042e+01,  7.4889e+01,
  -6.6387e+01, -2.6860e+01, -3.2297e+00, -8.2765e+01,  1.5310e+01,
  -9.4499e+00, -5.2866e+01, -1.2200e+01,  9.9106e+00,  2.2379e+01,
   1.1657e+01,  2.4474e+01, -1.2145e+00,  4.1327e+01,  2.7182e+01,
   4.2665e+01,  3.5018e+00,  3.8473e+01, -8.1824e+01, -5.7252e+01,
  -4.8858e+01,  3.4674e+01, -1.2577e+00, -8.4348e+00, -1.1005e+01,
   6.5059e+00,  3.6843e+01,  1.2396e+01, -2.7626e+01,  3.3194e+01,
  -1.7972e+02,  1.0999e+02,  3.6533e+01, -8.2652e+01,  1.0019e+02,
  -8.6208e+01,  6.8674e+01, -1.1365e+02, -1.0587e+02, -1.4030e+02,
  -9.0949e-13, -3.2383e+02, -8.6439e+01, -1.6551e+02, -1.7053e-12,
   1.4113e+02,  3.9857e+01,  8.2423e-13, -2.3516e+02, -3.5588e+02,
  -1.1937e-12,  4.7748e-12,  5.3544e+02,  5.6838e+01,  3.1076e+03,
  -2.8081e+02, -5.0175e+01, -1.1640e+02, -1.2926e+02, -1.0645e+02,
  -1.6343e+02,  1.7053e-13,  3.7892e+02,  4.7287e+02, -3.4449e+01,
   2.8713e+02,  1.1049e+03, -4.3098e+02,  3.1832e-12, -1.0409e+02,
   3.1186e+02,  5.2019e+02, -1.3665e+02, -1.1008e+02,  1.5348e-12,
  -2.1368e+02, -1.8255e+02, -1.6386e+02,  7.2813e+00, -6.6298e+01,
  -1.9708e+02, -4.1603e+02, -2.1885e+02,  3.8813e+02, -3.7732e+02,
  -9.8566e+01, -1.0802e+02,  2.7308e+01,  5.6416e+01, -3.7650e+02,
  -8.8107e-13, -3.7171e+01,  2.8788e+02, -4.6917e+02, -8.1998e+01,
   7.8864e+02, -1.8112e+02, -2.2737e-13,  3.9790e-13, -1.3390e+02,
   2.1497e+02,  7.5724e+01, -3.3280e+01, -3.0577e+02, -5.8070e+01,
   7.8618e+00, -2.3212e+02,  8.1712e-14, -1.6907e+02, -6.8510e+01,
   3.7167e+02, -2.6215e+02, -9.8765e-13, -2.7636e+02, -9.8453e+01,
   2.9884e+02,  3.0127e-12, -2.9510e+02, -2.9399e+02, -1.4504e+02,
  -1.4904e+02, -7.7824e+01, -4.7229e+02,  5.4036e+02,  4.6803e+02,
  -2.4014e+02,  7.3896e-13, -9.7266e+00, -3.5151e+02, -2.4243e+02,
   1.2338e+02, -4.5157e+02, -4.4090e+01, -2.8367e+02, -1.8811e+02,
   9.8756e+01, -2.7391e-12, -9.3048e+01,  8.7394e+01, -1.1716e+02,
  -1.9618e+02,  1.1013e+03, -8.5870e+01, -2.2721e+02, -1.4209e+02,
   5.6843e-13,  2.1362e+02, -2.7994e+01,  7.1532e+01, -1.9037e+02,
  -1.1337e+02, -3.8803e+01, -1.2506e-12, -2.1859e+01, -2.1196e+01,
  -2.3453e+02, -8.3844e-13, -1.3818e+02, -2.2350e+02, -1.6302e+02,
  -7.4966e+01, -2.4310e+02, -1.0971e+02, -7.6422e+01,  1.2087e+01,
   1.0068e+02, -4.5209e+01, -2.9557e+01, -4.4290e+01, -1.8190e-12,
  -6.2641e+01,  6.2552e+01, -4.2601e+02,  2.3659e+02,  4.9601e+01,
  -2.6061e+02, -3.8447e+02, -8.8240e+01,  1.8758e-12,  1.0879e+02,
  -1.1220e+02, -5.5376e+01, -8.5265e-14, -1.4779e-12, -6.2909e+01,
  -1.0056e+02, -4.2327e+02, -1.3977e+02, -2.4442e+02,  6.7387e+02,
  -8.6881e+00, -3.1981e+01, -2.8872e+02, -9.1557e+01, -1.1938e+02,
  -1.2584e+02, -7.5464e+01, -5.4370e+01, -1.3569e+01,  5.6843e-13,
  -1.3795e+02, -1.7118e+02, -1.2916e+02,  1.6128e+01,  1.1538e+00,
  -9.0949e-13,  3.2882e+02,  8.5108e-02,  3.9790e-13, -2.8209e+02,
  -2.4481e+02, -1.1350e+02,  2.9119e+01,  8.2618e+02, -8.9428e+01,
  -8.4216e+01, -2.5940e+00, -5.9086e+01, -1.1440e+02,  4.5712e+02,
  -3.8216e+01, -3.6061e+02, -2.7688e+02, -2.7160e+02, -1.5691e+02,
   2.2737e-12, -8.2423e-13, -1.0383e+02, -2.2558e+02, -8.6030e+01,
   1.1369e-13,  4.5475e-13, -1.3376e+02, -1.9905e+02, -9.3420e+01,
  -1.3642e-12, -1.2253e+02,  2.0189e+02,  1.2506e-12,  4.0449e+01,
   1.7856e+02,  1.9117e+02,  4.5475e-13, -1.1536e+02, -2.2184e+02,
  -7.3113e+01, -1.4211e-14, -3.9354e+02, -2.8580e+01, -3.0102e+01,
  -1.0662e+02, -9.8110e+01,  3.1831e+02,  5.7203e+02, -5.5102e+01,
  -1.0692e+02, -1.6609e+02,  6.6933e+02, -2.2961e+02, -6.8212e-13,
  -1.1579e+02,  2.5849e+02, -1.2513e+02, -5.0474e+01,  5.6873e+02,
  -2.3002e+02,  5.2386e+01,  4.1223e+03,  3.9121e+02, -2.3432e+02,
  -3.6471e+02, -1.3102e+02,  2.7263e+03,  4.5475e-13,  3.7172e+01,
  -1.8505e+02, -1.6953e+02,  3.9987e+01,  1.7053e-13, -3.9827e+02,
  -3.6609e+02, -1.6765e+02,  2.8422e-13,  9.5424e+01, -4.5080e+02,
  -1.9407e+02, -7.1306e+01, -9.0990e+01, -2.2904e+02, -2.3112e+02,
  -1.3035e+02, -1.0004e+02, -5.8085e+01, -2.8706e+02, -1.4934e+02,
   1.4448e+02, -3.0173e+02, -2.8422e-13,  9.3293e+00,  3.4106e-13,
  -2.6975e+02, -9.2065e+01, -6.3589e+01, -1.7317e+02, -2.7912e+02,
  -2.1929e+02, -1.1933e+02, -2.7278e+02,  1.8488e+01, -6.0661e+01,
  -9.4798e+01, -5.6320e+01, -2.6108e+02,  1.0360e+03, -3.1264e-13,
  -1.7912e+02,  4.5475e-13, -9.6928e+01, -1.8917e+02,  2.2737e-13,
  -1.5867e+02,  2.7854e+01, -2.8422e-13,  6.5835e+02, -2.2308e+02,
  -1.7277e+02, -6.3691e+01, -1.3167e+02, -8.1002e-13, -2.8717e+02,
   6.4263e+01, -5.3950e+01,  1.6162e+02, -2.2962e+02, -1.1469e+02,
   5.3977e+01,  1.1369e-13,  2.7001e-13, -2.4398e+02, -3.9351e+00,
   4.4597e+02, -2.2861e+02,  2.7958e+01, -1.0369e+02, -6.7984e+01,
  -1.4762e+02, -4.3072e+01, -1.4402e+02, -1.1520e+02, -6.5000e+01,
  -2.5040e+01, -1.2767e+02, -1.0007e+02, -2.8417e+02, -1.8324e+02,
  -7.3659e+01,  1.1714e+02, -2.8820e+02, -5.1680e+01, -3.1932e+02,
  -5.6304e+01, -2.1572e+02, -1.7376e+02, -3.5450e+01, -1.1887e+02,
  -2.2351e+02, -1.5774e-12,  1.2716e+03, -2.5615e+01, -5.3221e+01,
  -7.9037e+00,  1.2986e+03, -1.2594e+01,  1.1469e+02,  1.4921e-13,
  -3.9381e+02, -1.1369e-12,  5.6843e-13, -1.8114e+02,  2.2737e-13,
   2.5260e+02, -2.1139e+02, -1.4171e+02, -2.3899e+02, -1.1992e+02,
  -8.4690e+01, -2.8475e+02,  2.8174e+02, -1.0197e+02, -1.3336e+02,
  -5.5633e+01,  1.1369e-13,  1.1369e-13,  9.4930e+01,  7.1755e+01,
  -1.7224e+01, -5.2379e+01, -1.0260e+02,  6.8212e-13, -1.0889e+02,
  -4.3258e+01, -1.5743e+02, -2.0718e+02,  8.6268e+02,  1.3863e+01,
  -1.1634e+02, -5.4580e+01, -2.8347e+02,  3.7168e+02, -1.4630e+02,
  -2.1160e+02, -1.1233e+02, -1.5097e+02, -6.9077e+01, -2.5031e+01,
  -2.7700e+02,  3.6731e+02, -3.3409e+02, -2.3922e+02, -9.0949e-13,
  -9.7559e+01, -1.2409e+02,  6.6069e+01,  5.0063e+03, -3.1137e+02,
  -1.8416e+02, -2.3907e+02,  3.3462e+01, -4.5475e-13,  3.4106e-13,
  -5.2735e+01,  3.1996e+02, -2.3716e+02, -6.2528e-13, -1.8065e+01,
   9.6393e+02, -4.5481e+02, -1.8808e+02, -1.3196e+02, -2.6772e+02,
  -1.0535e+02,  2.2737e-13, -4.1936e+02,  0.0000e+00, -2.0627e+02,
  -9.9164e+01, -1.4818e+02,  3.5084e+01, -1.1276e+02,  1.2600e+02,
  -1.2677e+02,  5.8332e+02, -9.6415e+01, -3.1152e-01,  3.3698e+01,
  -1.0636e+02,  2.7340e+03, -2.7575e+02, -8.2773e+01, -1.7498e+02,
  -1.6727e+02, -3.3530e+02,  2.7788e+01,  2.3556e+01,  5.2186e+02,
  -7.5019e+01,  3.7193e+01, -1.6786e+02,  7.7911e+01, -4.8275e+02,
  -2.6625e+02, -2.3623e+02, -1.6101e+02, -2.4083e+02,  1.5934e+03,
  -2.3002e+02, -6.0183e+01,  1.0349e+03, -2.2834e+02, -3.7690e+02,
  -3.2424e+02,  8.5265e-13, -1.2918e+01, -1.9643e+02, -2.8844e+02,
   8.8125e+01,  5.6843e-13, -4.0380e+01, -8.9862e+01, -3.9976e+02,
  -1.6732e+02, -1.2432e+02,  3.0365e+03,  2.9673e+02, -7.9581e-13,
   1.7053e-13, -5.2811e+01, -2.6469e+02, -3.2342e+02, -8.0386e+01,
  -1.5801e+02, -3.4956e+02, -2.4830e+02, -1.9005e+02, -2.3873e+02,
   6.9715e+01, -2.6857e+02, -2.5607e+02, -1.4211e-13, -1.5330e+02,
  -2.2032e+02, -3.5645e+01, -2.8655e+02,  1.7046e+02, -1.1379e+02,
  -7.1258e+00,  4.0917e+02, -3.5418e+02,  6.8006e+01, -1.1823e+02,
  -1.6965e+02, -7.4860e+01,  8.0474e+01, -1.3638e+02,  3.5510e+02,
  -1.1111e+02, -1.1062e+02,  1.4256e+02,  7.1878e+02,  9.4600e+02,
  -7.3517e+01, -5.8514e+02, -5.4244e+02, -5.6505e+01, -2.9506e+01,
  -1.1592e+02,  1.7764e-13,  1.0107e+02, -4.5798e+01, -4.2875e+01,
   2.2824e+02, -2.0324e+02, -2.1777e+02, -1.8284e+02, -3.8351e+02,
  -1.5304e+02, -4.5650e+01, -1.4416e+02,  1.9692e+02, -1.2321e+02,
   5.0979e+02,  1.3083e+02,  1.8030e-13, -2.7050e+02,  5.1159e-13,
   3.1798e+02, -2.7060e+02, -5.7338e+01, -2.2888e+02, -2.1771e+01,
  -1.4055e+02,  7.4318e+00, -3.9247e+01,  3.1349e+01,  4.7295e+01,
  -8.3640e+01, -8.1916e+00,  2.7207e+01, -2.6293e+01, -1.8426e+02,
  -1.7153e+02, -1.3804e+02,  5.9768e+02, -3.9842e+02, -1.8674e+02,
   3.4820e+02, -7.5641e+00, -2.2105e+02, -1.1457e+02, -2.3631e+02,
  -2.5580e-13,  3.4049e+03, -6.7703e+01, -4.8750e+01, -6.6763e+01,
  -6.2992e+01,  2.8422e-13,  1.1279e+02, -2.1056e+02,  7.1054e-14,
   3.9431e+02, -3.5002e+02, -4.5415e+02, -2.0592e+02, -1.7538e+02,
  -3.2196e+02, -1.1867e+02,  2.2737e-13, -2.2737e-13, -8.2503e+01,
   6.5198e+02, -7.6050e+01,  7.1054e-14, -5.0612e+01,  3.7226e+03,
  -1.5794e+02, -2.2737e-13, -3.2057e+02, -3.3277e+02, -1.0270e+02,
  -2.7723e+01,  6.9619e+01, -1.0204e+02, -1.0108e+01, -1.0292e+02,
  -2.6539e+02, -2.3488e+02, -7.8526e+01, -2.9362e+02, -5.6843e-14,
   5.6843e-14,  1.6970e+02,  3.6862e+02, -2.5350e+02,  3.3742e+02,
   1.5318e+02, -1.5206e+02,  1.8854e+01,  1.4812e+01, -3.0760e+01,
  -1.6434e+02, -3.0477e+02, -1.5966e+02,  1.4010e+02,  1.7403e+02,
  -1.4056e+02, -5.7000e+01, -3.0810e+02, -1.3890e+01, -2.0396e+02,
  -1.3987e+02,  8.8878e+01,  3.0636e+01, -2.2517e+02, -8.2582e+01,
   8.7072e+01, -1.6544e+02, -1.6596e+02, -1.3562e+02, -1.9681e+02,
  -3.4811e+02, -2.4784e+01, -2.8343e+02,  1.4291e+01, -8.5265e-14,
  -1.4211e-14, -1.8183e+02,  7.8913e+01, -2.8197e+02, -9.1571e+01,
   9.9615e+02,  2.4282e+02, -1.4211e-14, -2.6454e+02, -6.2172e-15,
  -1.8980e+02, -2.0733e+02, -3.3739e+02, -2.2192e+02, -4.3642e+02,
   7.2178e+01, -1.2436e+02, -2.8966e+01, -2.5833e+02, -2.5488e+02,
   9.6402e+02,  6.5511e+01,  5.2334e+02, -8.7954e+01, -1.9940e+02,
  -1.3483e+02, -1.8900e+02, -2.3842e+02,  2.3055e+03,  2.8056e+01,
  -3.3393e+02,  7.2362e+02,  1.4639e+01, -8.0516e+01,  0.0000e+00,
  -2.4787e+02,  7.0107e+02,  3.2558e+02,  0.0000e+00, -3.5865e+02,
  -5.8084e+01, -1.3561e+02, -1.2828e+02,  6.1617e+02, -7.9659e+01,
  -1.0302e+02, -3.3565e+02, -1.1686e+02, -5.9949e+01,  0.0000e+00,
  -1.0193e+02, -2.2464e+02,  2.2219e+01, -1.5416e+02, -9.0478e+01,
   0.0000e+00,  3.8388e+01, -8.1557e+01, -2.9488e+02,  2.3173e+02,
   7.4664e+01, -5.2201e+02, -6.4350e+01, -1.1724e+02,  0.0000e+00,
   8.7374e+02,  0.0000e+00, -8.2026e+01, -2.4626e+02,  1.7198e+01,
  -4.2745e+02, -2.0455e+02,  2.6897e+01,  1.4679e+01, -9.7369e+01,
  -4.8183e+01,  3.5050e+01,  0.0000e+00, -1.6176e+02, -6.0038e+01,
  -4.0910e+02,  1.1641e+02, -7.7524e+01,  2.0377e+01,  0.0000e+00,
   6.6899e+02,  2.2784e+02, -1.6917e+02, -5.9267e+01, -8.5249e+01,
   7.6018e+01,  5.0205e+00, -5.4088e+01, -1.6777e+01,  6.9590e+02,
   7.5332e+02,  1.0139e+03,  2.6839e+02, -1.0510e+02,  0.0000e+00,
   1.0763e+02, -2.6450e+03,  1.2204e+01, -2.5570e+01]], intercept: [290.43782162]"
ols_pipeline,Y,596489.4366062909,"coefficient: [[ 2.2766e+01, -1.7509e+02,  3.7599e+01,  8.9042e+01,  7.4889e+01,
  -6.6387e+01, -2.6860e+01, -3.2297e+00, -8.2765e+01,  1.5310e+01,
  -9.4499e+00, -5.2866e+01, -1.2200e+01,  9.9106e+00,  2.2379e+01,
   1.1657e+01,  2.4474e+01, -1.2145e+00,  4.1327e+01,  2.7182e+01,
   4.2665e+01,  3.5018e+00,  3.8473e+01, -8.1824e+01, -5.7252e+01,
  -4.8858e+01,  3.4674e+01, -1.2577e+00, -8.4348e+00, -1.1005e+01,
   6.5059e+00,  3.6843e+01,  1.2396e+01, -2.7626e+01,  3.3194e+01,
  -1.7972e+02,  1.0999e+02,  3.6533e+01, -8.2652e+01,  1.0019e+02,
  -8.6208e+01,  6.8674e+01, -1.1365e+02, -1.0587e+02, -1.4030e+02,
  -9.0949e-13, -3.2383e+02, -8.6439e+01, -1.6551e+02, -1.7053e-12,
   1.4113e+02,  3.9857e+01,  8.2423e-13, -2.3516e+02, -3.5588e+02,
  -1.1937e-12,  4.7748e-12,  5.3544e+02,  5.6838e+01,  3.1076e+03,
  -2.8081e+02, -5.0175e+01, -1.1640e+02, -1.2926e+02, -1.0645e+02,
  -1.6343e+02,  1.7053e-13,  3.7892e+02,  4.7287e+02, -3.4449e+01,
   2.8713e+02,  1.1049e+03, -4.3098e+02,  3.1832e-12, -1.0409e+02,
   3.1186e+02,  5.2019e+02, -1.3665e+02, -1.1008e+02,  1.5348e-12,
  -2.1368e+02, -1.8255e+02, -1.6386e+02,  7.2813e+00, -6.6298e+01,
  -1.9708e+02, -4.1603e+02, -2.1885e+02,  3.8813e+02, -3.7732e+02,
  -9.8566e+01, -1.0802e+02,  2.7308e+01,  5.6416e+01, -3.7650e+02,
  -8.8107e-13, -3.7171e+01,  2.8788e+02, -4.6917e+02, -8.1998e+01,
   7.8864e+02, -1.8112e+02, -2.2737e-13,  3.9790e-13, -1.3390e+02,
   2.1497e+02,  7.5724e+01, -3.3280e+01, -3.0577e+02, -5.8070e+01,
   7.8618e+00, -2.3212e+02,  8.1712e-14, -1.6907e+02, -6.8510e+01,
   3.7167e+02, -2.6215e+02, -9.8765e-13, -2.7636e+02, -9.8453e+01,
   2.9884e+02,  3.0127e-12, -2.9510e+02, -2.9399e+02, -1.4504e+02,
  -1.4904e+02, -7.7824e+01, -4.7229e+02,  5.4036e+02,  4.6803e+02,
  -2.4014e+02,  7.3896e-13, -9.7266e+00, -3.5151e+02, -2.4243e+02,
   1.2338e+02, -4.5157e+02, -4.4090e+01, -2.8367e+02, -1.8811e+02,
   9.8756e+01, -2.7391e-12, -9.3048e+01,  8.7394e+01, -1.1716e+02,
  -1.9618e+02,  1.1013e+03, -8.5870e+01, -2.2721e+02, -1.4209e+02,
   5.6843e-13,  2.1362e+02, -2.7994e+01,  7.1532e+01, -1.9037e+02,
  -1.1337e+02, -3.8803e+01, -1.2506e-12, -2.1859e+01, -2.1196e+01,
  -2.3453e+02, -8.3844e-13, -1.3818e+02, -2.2350e+02, -1.6302e+02,
  -7.4966e+01, -2.4310e+02, -1.0971e+02, -7.6422e+01,  1.2087e+01,
   1.0068e+02, -4.5209e+01, -2.9557e+01, -4.4290e+01, -1.8190e-12,
  -6.2641e+01,  6.2552e+01, -4.2601e+02,  2.3659e+02,  4.9601e+01,
  -2.6061e+02, -3.8447e+02, -8.8240e+01,  1.8758e-12,  1.0879e+02,
  -1.1220e+02, -5.5376e+01, -8.5265e-14, -1.4779e-12, -6.2909e+01,
  -1.0056e+02, -4.2327e+02, -1.3977e+02, -2.4442e+02,  6.7387e+02,
  -8.6881e+00, -3.1981e+01, -2.8872e+02, -9.1557e+01, -1.1938e+02,
  -1.2584e+02, -7.5464e+01, -5.4370e+01, -1.3569e+01,  5.6843e-13,
  -1.3795e+02, -1.7118e+02, -1.2916e+02,  1.6128e+01,  1.1538e+00,
  -9.0949e-13,  3.2882e+02,  8.5108e-02,  3.9790e-13, -2.8209e+02,
  -2.4481e+02, -1.1350e+02,  2.9119e+01,  8.2618e+02, -8.9428e+01,
  -8.4216e+01, -2.5940e+00, -5.9086e+01, -1.1440e+02,  4.5712e+02,
  -3.8216e+01, -3.6061e+02, -2.7688e+02, -2.7160e+02, -1.5691e+02,
   2.2737e-12, -8.2423e-13, -1.0383e+02, -2.2558e+02, -8.6030e+01,
   1.1369e-13,  4.5475e-13, -1.3376e+02, -1.9905e+02, -9.3420e+01,
  -1.3642e-12, -1.2253e+02,  2.0189e+02,  1.2506e-12,  4.0449e+01,
   1.7856e+02,  1.9117e+02,  4.5475e-13, -1.1536e+02, -2.2184e+02,
  -7.3113e+01, -1.4211e-14, -3.9354e+02, -2.8580e+01, -3.0102e+01,
  -1.0662e+02, -9.8110e+01,  3.1831e+02,  5.7203e+02, -5.5102e+01,
  -1.0692e+02, -1.6609e+02,  6.6933e+02, -2.2961e+02, -6.8212e-13,
  -1.1579e+02,  2.5849e+02, -1.2513e+02, -5.0474e+01,  5.6873e+02,
  -2.3002e+02,  5.2386e+01,  4.1223e+03,  3.9121e+02, -2.3432e+02,
  -3.6471e+02, -1.3102e+02,  2.7263e+03,  4.5475e-13,  3.7172e+01,
  -1.8505e+02, -1.6953e+02,  3.9987e+01,  1.7053e-13, -3.9827e+02,
  -3.6609e+02, -1.6765e+02,  2.8422e-13,  9.5424e+01, -4.5080e+02,
  -1.9407e+02, -7.1306e+01, -9.0990e+01, -2.2904e+02, -2.3112e+02,
  -1.3035e+02, -1.0004e+02, -5.8085e+01, -2.8706e+02, -1.4934e+02,
   1.4448e+02, -3.0173e+02, -2.8422e-13,  9.3293e+00,  3.4106e-13,
  -2.6975e+02, -9.2065e+01, -6.3589e+01, -1.7317e+02, -2.7912e+02,
  -2.1929e+02, -1.1933e+02, -2.7278e+02,  1.8488e+01, -6.0661e+01,
  -9.4798e+01, -5.6320e+01, -2.6108e+02,  1.0360e+03, -3.1264e-13,
  -1.7912e+02,  4.5475e-13, -9.6928e+01, -1.8917e+02,  2.2737e-13,
  -1.5867e+02,  2.7854e+01, -2.8422e-13,  6.5835e+02, -2.2308e+02,
  -1.7277e+02, -6.3691e+01, -1.3167e+02, -8.1002e-13, -2.8717e+02,
   6.4263e+01, -5.3950e+01,  1.6162e+02, -2.2962e+02, -1.1469e+02,
   5.3977e+01,  1.1369e-13,  2.7001e-13, -2.4398e+02, -3.9351e+00,
   4.4597e+02, -2.2861e+02,  2.7958e+01, -1.0369e+02, -6.7984e+01,
  -1.4762e+02, -4.3072e+01, -1.4402e+02, -1.1520e+02, -6.5000e+01,
  -2.5040e+01, -1.2767e+02, -1.0007e+02, -2.8417e+02, -1.8324e+02,
  -7.3659e+01,  1.1714e+02, -2.8820e+02, -5.1680e+01, -3.1932e+02,
  -5.6304e+01, -2.1572e+02, -1.7376e+02, -3.5450e+01, -1.1887e+02,
  -2.2351e+02, -1.5774e-12,  1.2716e+03, -2.5615e+01, -5.3221e+01,
  -7.9037e+00,  1.2986e+03, -1.2594e+01,  1.1469e+02,  1.4921e-13,
  -3.9381e+02, -1.1369e-12,  5.6843e-13, -1.8114e+02,  2.2737e-13,
   2.5260e+02, -2.1139e+02, -1.4171e+02, -2.3899e+02, -1.1992e+02,
  -8.4690e+01, -2.8475e+02,  2.8174e+02, -1.0197e+02, -1.3336e+02,
  -5.5633e+01,  1.1369e-13,  1.1369e-13,  9.4930e+01,  7.1755e+01,
  -1.7224e+01, -5.2379e+01, -1.0260e+02,  6.8212e-13, -1.0889e+02,
  -4.3258e+01, -1.5743e+02, -2.0718e+02,  8.6268e+02,  1.3863e+01,
  -1.1634e+02, -5.4580e+01, -2.8347e+02,  3.7168e+02, -1.4630e+02,
  -2.1160e+02, -1.1233e+02, -1.5097e+02, -6.9077e+01, -2.5031e+01,
  -2.7700e+02,  3.6731e+02, -3.3409e+02, -2.3922e+02, -9.0949e-13,
  -9.7559e+01, -1.2409e+02,  6.6069e+01,  5.0063e+03, -3.1137e+02,
  -1.8416e+02, -2.3907e+02,  3.3462e+01, -4.5475e-13,  3.4106e-13,
  -5.2735e+01,  3.1996e+02, -2.3716e+02, -6.2528e-13, -1.8065e+01,
   9.6393e+02, -4.5481e+02, -1.8808e+02, -1.3196e+02, -2.6772e+02,
  -1.0535e+02,  2.2737e-13, -4.1936e+02,  0.0000e+00, -2.0627e+02,
  -9.9164e+01, -1.4818e+02,  3.5084e+01, -1.1276e+02,  1.2600e+02,
  -1.2677e+02,  5.8332e+02, -9.6415e+01, -3.1152e-01,  3.3698e+01,
  -1.0636e+02,  2.7340e+03, -2.7575e+02, -8.2773e+01, -1.7498e+02,
  -1.6727e+02, -3.3530e+02,  2.7788e+01,  2.3556e+01,  5.2186e+02,
  -7.5019e+01,  3.7193e+01, -1.6786e+02,  7.7911e+01, -4.8275e+02,
  -2.6625e+02, -2.3623e+02, -1.6101e+02, -2.4083e+02,  1.5934e+03,
  -2.3002e+02, -6.0183e+01,  1.0349e+03, -2.2834e+02, -3.7690e+02,
  -3.2424e+02,  8.5265e-13, -1.2918e+01, -1.9643e+02, -2.8844e+02,
   8.8125e+01,  5.6843e-13, -4.0380e+01, -8.9862e+01, -3.9976e+02,
  -1.6732e+02, -1.2432e+02,  3.0365e+03,  2.9673e+02, -7.9581e-13,
   1.7053e-13, -5.2811e+01, -2.6469e+02, -3.2342e+02, -8.0386e+01,
  -1.5801e+02, -3.4956e+02, -2.4830e+02, -1.9005e+02, -2.3873e+02,
   6.9715e+01, -2.6857e+02, -2.5607e+02, -1.4211e-13, -1.5330e+02,
  -2.2032e+02, -3.5645e+01, -2.8655e+02,  1.7046e+02, -1.1379e+02,
  -7.1258e+00,  4.0917e+02, -3.5418e+02,  6.8006e+01, -1.1823e+02,
  -1.6965e+02, -7.4860e+01,  8.0474e+01, -1.3638e+02,  3.5510e+02,
  -1.1111e+02, -1.1062e+02,  1.4256e+02,  7.1878e+02,  9.4600e+02,
  -7.3517e+01, -5.8514e+02, -5.4244e+02, -5.6505e+01, -2.9506e+01,
  -1.1592e+02,  1.7764e-13,  1.0107e+02, -4.5798e+01, -4.2875e+01,
   2.2824e+02, -2.0324e+02, -2.1777e+02, -1.8284e+02, -3.8351e+02,
  -1.5304e+02, -4.5650e+01, -1.4416e+02,  1.9692e+02, -1.2321e+02,
   5.0979e+02,  1.3083e+02,  1.8030e-13, -2.7050e+02,  5.1159e-13,
   3.1798e+02, -2.7060e+02, -5.7338e+01, -2.2888e+02, -2.1771e+01,
  -1.4055e+02,  7.4318e+00, -3.9247e+01,  3.1349e+01,  4.7295e+01,
  -8.3640e+01, -8.1916e+00,  2.7207e+01, -2.6293e+01, -1.8426e+02,
  -1.7153e+02, -1.3804e+02,  5.9768e+02, -3.9842e+02, -1.8674e+02,
   3.4820e+02, -7.5641e+00, -2.2105e+02, -1.1457e+02, -2.3631e+02,
  -2.5580e-13,  3.4049e+03, -6.7703e+01, -4.8750e+01, -6.6763e+01,
  -6.2992e+01,  2.8422e-13,  1.1279e+02, -2.1056e+02,  7.1054e-14,
   3.9431e+02, -3.5002e+02, -4.5415e+02, -2.0592e+02, -1.7538e+02,
  -3.2196e+02, -1.1867e+02,  2.2737e-13, -2.2737e-13, -8.2503e+01,
   6.5198e+02, -7.6050e+01,  7.1054e-14, -5.0612e+01,  3.7226e+03,
  -1.5794e+02, -2.2737e-13, -3.2057e+02, -3.3277e+02, -1.0270e+02,
  -2.7723e+01,  6.9619e+01, -1.0204e+02, -1.0108e+01, -1.0292e+02,
  -2.6539e+02, -2.3488e+02, -7.8526e+01, -2.9362e+02, -5.6843e-14,
   5.6843e-14,  1.6970e+02,  3.6862e+02, -2.5350e+02,  3.3742e+02,
   1.5318e+02, -1.5206e+02,  1.8854e+01,  1.4812e+01, -3.0760e+01,
  -1.6434e+02, -3.0477e+02, -1.5966e+02,  1.4010e+02,  1.7403e+02,
  -1.4056e+02, -5.7000e+01, -3.0810e+02, -1.3890e+01, -2.0396e+02,
  -1.3987e+02,  8.8878e+01,  3.0636e+01, -2.2517e+02, -8.2582e+01,
   8.7072e+01, -1.6544e+02, -1.6596e+02, -1.3562e+02, -1.9681e+02,
  -3.4811e+02, -2.4784e+01, -2.8343e+02,  1.4291e+01, -8.5265e-14,
  -1.4211e-14, -1.8183e+02,  7.8913e+01, -2.8197e+02, -9.1571e+01,
   9.9615e+02,  2.4282e+02, -1.4211e-14, -2.6454e+02, -6.2172e-15,
  -1.8980e+02, -2.0733e+02, -3.3739e+02, -2.2192e+02, -4.3642e+02,
   7.2178e+01, -1.2436e+02, -2.8966e+01, -2.5833e+02, -2.5488e+02,
   9.6402e+02,  6.5511e+01,  5.2334e+02, -8.7954e+01, -1.9940e+02,
  -1.3483e+02, -1.8900e+02, -2.3842e+02,  2.3055e+03,  2.8056e+01,
  -3.3393e+02,  7.2362e+02,  1.4639e+01, -8.0516e+01,  0.0000e+00,
  -2.4787e+02,  7.0107e+02,  3.2558e+02,  0.0000e+00, -3.5865e+02,
  -5.8084e+01, -1.3561e+02, -1.2828e+02,  6.1617e+02, -7.9659e+01,
  -1.0302e+02, -3.3565e+02, -1.1686e+02, -5.9949e+01,  0.0000e+00,
  -1.0193e+02, -2.2464e+02,  2.2219e+01, -1.5416e+02, -9.0478e+01,
   0.0000e+00,  3.8388e+01, -8.1557e+01, -2.9488e+02,  2.3173e+02,
   7.4664e+01, -5.2201e+02, -6.4350e+01, -1.1724e+02,  0.0000e+00,
   8.7374e+02,  0.0000e+00, -8.2026e+01, -2.4626e+02,  1.7198e+01,
  -4.2745e+02, -2.0455e+02,  2.6897e+01,  1.4679e+01, -9.7369e+01,
  -4.8183e+01,  3.5050e+01,  0.0000e+00, -1.6176e+02, -6.0038e+01,
  -4.0910e+02,  1.1641e+02, -7.7524e+01,  2.0377e+01,  0.0000e+00,
   6.6899e+02,  2.2784e+02, -1.6917e+02, -5.9267e+01, -8.5249e+01,
   7.6018e+01,  5.0205e+00, -5.4088e+01, -1.6777e+01,  6.9590e+02,
   7.5332e+02,  1.0139e+03,  2.6839e+02, -1.0510e+02,  0.0000e+00,
   1.0763e+02, -2.6450e+03,  1.2204e+01, -2.5570e+01]], intercept: [290.43782162]"
