name,best,abs_super,details
baseline,N,0.0,This model predicts every input simply as the mean value of time of the training data. 
ols,N,596489.4366062909,"coefficient: [[ 2.2766e+01, -1.7509e+02,  3.7599e+01,  8.9042e+01,  7.4889e+01,
  -6.6387e+01, -2.6860e+01, -3.2297e+00, -8.2765e+01,  1.5310e+01,
  -9.4499e+00, -5.2866e+01, -1.2200e+01,  9.9106e+00,  2.2379e+01,
   1.1657e+01,  2.4474e+01, -1.2145e+00,  4.1327e+01,  2.7182e+01,
   4.2665e+01,  3.5018e+00,  3.8473e+01, -8.1824e+01, -5.7252e+01,
  -4.8858e+01,  3.4674e+01, -1.2577e+00, -8.4348e+00, -1.1005e+01,
   6.5059e+00,  3.6843e+01,  1.2396e+01, -2.7626e+01,  3.3194e+01,
  -1.7972e+02,  1.0999e+02,  3.6533e+01, -8.2652e+01,  1.0019e+02,
  -8.6208e+01,  6.8674e+01, -1.1365e+02, -1.0587e+02, -1.4030e+02,
  -9.0949e-13, -3.2383e+02, -8.6439e+01, -1.6551e+02, -1.7053e-12,
   1.4113e+02,  3.9857e+01,  8.2423e-13, -2.3516e+02, -3.5588e+02,
  -1.1937e-12,  4.7748e-12,  5.3544e+02,  5.6838e+01,  3.1076e+03,
  -2.8081e+02, -5.0175e+01, -1.1640e+02, -1.2926e+02, -1.0645e+02,
  -1.6343e+02,  1.7053e-13,  3.7892e+02,  4.7287e+02, -3.4449e+01,
   2.8713e+02,  1.1049e+03, -4.3098e+02,  3.1832e-12, -1.0409e+02,
   3.1186e+02,  5.2019e+02, -1.3665e+02, -1.1008e+02,  1.5348e-12,
  -2.1368e+02, -1.8255e+02, -1.6386e+02,  7.2813e+00, -6.6298e+01,
  -1.9708e+02, -4.1603e+02, -2.1885e+02,  3.8813e+02, -3.7732e+02,
  -9.8566e+01, -1.0802e+02,  2.7308e+01,  5.6416e+01, -3.7650e+02,
  -8.8107e-13, -3.7171e+01,  2.8788e+02, -4.6917e+02, -8.1998e+01,
   7.8864e+02, -1.8112e+02, -2.2737e-13,  3.9790e-13, -1.3390e+02,
   2.1497e+02,  7.5724e+01, -3.3280e+01, -3.0577e+02, -5.8070e+01,
   7.8618e+00, -2.3212e+02,  8.1712e-14, -1.6907e+02, -6.8510e+01,
   3.7167e+02, -2.6215e+02, -9.8765e-13, -2.7636e+02, -9.8453e+01,
   2.9884e+02,  3.0127e-12, -2.9510e+02, -2.9399e+02, -1.4504e+02,
  -1.4904e+02, -7.7824e+01, -4.7229e+02,  5.4036e+02,  4.6803e+02,
  -2.4014e+02,  7.3896e-13, -9.7266e+00, -3.5151e+02, -2.4243e+02,
   1.2338e+02, -4.5157e+02, -4.4090e+01, -2.8367e+02, -1.8811e+02,
   9.8756e+01, -2.7391e-12, -9.3048e+01,  8.7394e+01, -1.1716e+02,
  -1.9618e+02,  1.1013e+03, -8.5870e+01, -2.2721e+02, -1.4209e+02,
   5.6843e-13,  2.1362e+02, -2.7994e+01,  7.1532e+01, -1.9037e+02,
  -1.1337e+02, -3.8803e+01, -1.2506e-12, -2.1859e+01, -2.1196e+01,
  -2.3453e+02, -8.3844e-13, -1.3818e+02, -2.2350e+02, -1.6302e+02,
  -7.4966e+01, -2.4310e+02, -1.0971e+02, -7.6422e+01,  1.2087e+01,
   1.0068e+02, -4.5209e+01, -2.9557e+01, -4.4290e+01, -1.8190e-12,
  -6.2641e+01,  6.2552e+01, -4.2601e+02,  2.3659e+02,  4.9601e+01,
  -2.6061e+02, -3.8447e+02, -8.8240e+01,  1.8758e-12,  1.0879e+02,
  -1.1220e+02, -5.5376e+01, -8.5265e-14, -1.4779e-12, -6.2909e+01,
  -1.0056e+02, -4.2327e+02, -1.3977e+02, -2.4442e+02,  6.7387e+02,
  -8.6881e+00, -3.1981e+01, -2.8872e+02, -9.1557e+01, -1.1938e+02,
  -1.2584e+02, -7.5464e+01, -5.4370e+01, -1.3569e+01,  5.6843e-13,
  -1.3795e+02, -1.7118e+02, -1.2916e+02,  1.6128e+01,  1.1538e+00,
  -9.0949e-13,  3.2882e+02,  8.5108e-02,  3.9790e-13, -2.8209e+02,
  -2.4481e+02, -1.1350e+02,  2.9119e+01,  8.2618e+02, -8.9428e+01,
  -8.4216e+01, -2.5940e+00, -5.9086e+01, -1.1440e+02,  4.5712e+02,
  -3.8216e+01, -3.6061e+02, -2.7688e+02, -2.7160e+02, -1.5691e+02,
   2.2737e-12, -8.2423e-13, -1.0383e+02, -2.2558e+02, -8.6030e+01,
   1.1369e-13,  4.5475e-13, -1.3376e+02, -1.9905e+02, -9.3420e+01,
  -1.3642e-12, -1.2253e+02,  2.0189e+02,  1.2506e-12,  4.0449e+01,
   1.7856e+02,  1.9117e+02,  4.5475e-13, -1.1536e+02, -2.2184e+02,
  -7.3113e+01, -1.4211e-14, -3.9354e+02, -2.8580e+01, -3.0102e+01,
  -1.0662e+02, -9.8110e+01,  3.1831e+02,  5.7203e+02, -5.5102e+01,
  -1.0692e+02, -1.6609e+02,  6.6933e+02, -2.2961e+02, -6.8212e-13,
  -1.1579e+02,  2.5849e+02, -1.2513e+02, -5.0474e+01,  5.6873e+02,
  -2.3002e+02,  5.2386e+01,  4.1223e+03,  3.9121e+02, -2.3432e+02,
  -3.6471e+02, -1.3102e+02,  2.7263e+03,  4.5475e-13,  3.7172e+01,
  -1.8505e+02, -1.6953e+02,  3.9987e+01,  1.7053e-13, -3.9827e+02,
  -3.6609e+02, -1.6765e+02,  2.8422e-13,  9.5424e+01, -4.5080e+02,
  -1.9407e+02, -7.1306e+01, -9.0990e+01, -2.2904e+02, -2.3112e+02,
  -1.3035e+02, -1.0004e+02, -5.8085e+01, -2.8706e+02, -1.4934e+02,
   1.4448e+02, -3.0173e+02, -2.8422e-13,  9.3293e+00,  3.4106e-13,
  -2.6975e+02, -9.2065e+01, -6.3589e+01, -1.7317e+02, -2.7912e+02,
  -2.1929e+02, -1.1933e+02, -2.7278e+02,  1.8488e+01, -6.0661e+01,
  -9.4798e+01, -5.6320e+01, -2.6108e+02,  1.0360e+03, -3.1264e-13,
  -1.7912e+02,  4.5475e-13, -9.6928e+01, -1.8917e+02,  2.2737e-13,
  -1.5867e+02,  2.7854e+01, -2.8422e-13,  6.5835e+02, -2.2308e+02,
  -1.7277e+02, -6.3691e+01, -1.3167e+02, -8.1002e-13, -2.8717e+02,
   6.4263e+01, -5.3950e+01,  1.6162e+02, -2.2962e+02, -1.1469e+02,
   5.3977e+01,  1.1369e-13,  2.7001e-13, -2.4398e+02, -3.9351e+00,
   4.4597e+02, -2.2861e+02,  2.7958e+01, -1.0369e+02, -6.7984e+01,
  -1.4762e+02, -4.3072e+01, -1.4402e+02, -1.1520e+02, -6.5000e+01,
  -2.5040e+01, -1.2767e+02, -1.0007e+02, -2.8417e+02, -1.8324e+02,
  -7.3659e+01,  1.1714e+02, -2.8820e+02, -5.1680e+01, -3.1932e+02,
  -5.6304e+01, -2.1572e+02, -1.7376e+02, -3.5450e+01, -1.1887e+02,
  -2.2351e+02, -1.5774e-12,  1.2716e+03, -2.5615e+01, -5.3221e+01,
  -7.9037e+00,  1.2986e+03, -1.2594e+01,  1.1469e+02,  1.4921e-13,
  -3.9381e+02, -1.1369e-12,  5.6843e-13, -1.8114e+02,  2.2737e-13,
   2.5260e+02, -2.1139e+02, -1.4171e+02, -2.3899e+02, -1.1992e+02,
  -8.4690e+01, -2.8475e+02,  2.8174e+02, -1.0197e+02, -1.3336e+02,
  -5.5633e+01,  1.1369e-13,  1.1369e-13,  9.4930e+01,  7.1755e+01,
  -1.7224e+01, -5.2379e+01, -1.0260e+02,  6.8212e-13, -1.0889e+02,
  -4.3258e+01, -1.5743e+02, -2.0718e+02,  8.6268e+02,  1.3863e+01,
  -1.1634e+02, -5.4580e+01, -2.8347e+02,  3.7168e+02, -1.4630e+02,
  -2.1160e+02, -1.1233e+02, -1.5097e+02, -6.9077e+01, -2.5031e+01,
  -2.7700e+02,  3.6731e+02, -3.3409e+02, -2.3922e+02, -9.0949e-13,
  -9.7559e+01, -1.2409e+02,  6.6069e+01,  5.0063e+03, -3.1137e+02,
  -1.8416e+02, -2.3907e+02,  3.3462e+01, -4.5475e-13,  3.4106e-13,
  -5.2735e+01,  3.1996e+02, -2.3716e+02, -6.2528e-13, -1.8065e+01,
   9.6393e+02, -4.5481e+02, -1.8808e+02, -1.3196e+02, -2.6772e+02,
  -1.0535e+02,  2.2737e-13, -4.1936e+02,  0.0000e+00, -2.0627e+02,
  -9.9164e+01, -1.4818e+02,  3.5084e+01, -1.1276e+02,  1.2600e+02,
  -1.2677e+02,  5.8332e+02, -9.6415e+01, -3.1152e-01,  3.3698e+01,
  -1.0636e+02,  2.7340e+03, -2.7575e+02, -8.2773e+01, -1.7498e+02,
  -1.6727e+02, -3.3530e+02,  2.7788e+01,  2.3556e+01,  5.2186e+02,
  -7.5019e+01,  3.7193e+01, -1.6786e+02,  7.7911e+01, -4.8275e+02,
  -2.6625e+02, -2.3623e+02, -1.6101e+02, -2.4083e+02,  1.5934e+03,
  -2.3002e+02, -6.0183e+01,  1.0349e+03, -2.2834e+02, -3.7690e+02,
  -3.2424e+02,  8.5265e-13, -1.2918e+01, -1.9643e+02, -2.8844e+02,
   8.8125e+01,  5.6843e-13, -4.0380e+01, -8.9862e+01, -3.9976e+02,
  -1.6732e+02, -1.2432e+02,  3.0365e+03,  2.9673e+02, -7.9581e-13,
   1.7053e-13, -5.2811e+01, -2.6469e+02, -3.2342e+02, -8.0386e+01,
  -1.5801e+02, -3.4956e+02, -2.4830e+02, -1.9005e+02, -2.3873e+02,
   6.9715e+01, -2.6857e+02, -2.5607e+02, -1.4211e-13, -1.5330e+02,
  -2.2032e+02, -3.5645e+01, -2.8655e+02,  1.7046e+02, -1.1379e+02,
  -7.1258e+00,  4.0917e+02, -3.5418e+02,  6.8006e+01, -1.1823e+02,
  -1.6965e+02, -7.4860e+01,  8.0474e+01, -1.3638e+02,  3.5510e+02,
  -1.1111e+02, -1.1062e+02,  1.4256e+02,  7.1878e+02,  9.4600e+02,
  -7.3517e+01, -5.8514e+02, -5.4244e+02, -5.6505e+01, -2.9506e+01,
  -1.1592e+02,  1.7764e-13,  1.0107e+02, -4.5798e+01, -4.2875e+01,
   2.2824e+02, -2.0324e+02, -2.1777e+02, -1.8284e+02, -3.8351e+02,
  -1.5304e+02, -4.5650e+01, -1.4416e+02,  1.9692e+02, -1.2321e+02,
   5.0979e+02,  1.3083e+02,  1.8030e-13, -2.7050e+02,  5.1159e-13,
   3.1798e+02, -2.7060e+02, -5.7338e+01, -2.2888e+02, -2.1771e+01,
  -1.4055e+02,  7.4318e+00, -3.9247e+01,  3.1349e+01,  4.7295e+01,
  -8.3640e+01, -8.1916e+00,  2.7207e+01, -2.6293e+01, -1.8426e+02,
  -1.7153e+02, -1.3804e+02,  5.9768e+02, -3.9842e+02, -1.8674e+02,
   3.4820e+02, -7.5641e+00, -2.2105e+02, -1.1457e+02, -2.3631e+02,
  -2.5580e-13,  3.4049e+03, -6.7703e+01, -4.8750e+01, -6.6763e+01,
  -6.2992e+01,  2.8422e-13,  1.1279e+02, -2.1056e+02,  7.1054e-14,
   3.9431e+02, -3.5002e+02, -4.5415e+02, -2.0592e+02, -1.7538e+02,
  -3.2196e+02, -1.1867e+02,  2.2737e-13, -2.2737e-13, -8.2503e+01,
   6.5198e+02, -7.6050e+01,  7.1054e-14, -5.0612e+01,  3.7226e+03,
  -1.5794e+02, -2.2737e-13, -3.2057e+02, -3.3277e+02, -1.0270e+02,
  -2.7723e+01,  6.9619e+01, -1.0204e+02, -1.0108e+01, -1.0292e+02,
  -2.6539e+02, -2.3488e+02, -7.8526e+01, -2.9362e+02, -5.6843e-14,
   5.6843e-14,  1.6970e+02,  3.6862e+02, -2.5350e+02,  3.3742e+02,
   1.5318e+02, -1.5206e+02,  1.8854e+01,  1.4812e+01, -3.0760e+01,
  -1.6434e+02, -3.0477e+02, -1.5966e+02,  1.4010e+02,  1.7403e+02,
  -1.4056e+02, -5.7000e+01, -3.0810e+02, -1.3890e+01, -2.0396e+02,
  -1.3987e+02,  8.8878e+01,  3.0636e+01, -2.2517e+02, -8.2582e+01,
   8.7072e+01, -1.6544e+02, -1.6596e+02, -1.3562e+02, -1.9681e+02,
  -3.4811e+02, -2.4784e+01, -2.8343e+02,  1.4291e+01, -8.5265e-14,
  -1.4211e-14, -1.8183e+02,  7.8913e+01, -2.8197e+02, -9.1571e+01,
   9.9615e+02,  2.4282e+02, -1.4211e-14, -2.6454e+02, -6.2172e-15,
  -1.8980e+02, -2.0733e+02, -3.3739e+02, -2.2192e+02, -4.3642e+02,
   7.2178e+01, -1.2436e+02, -2.8966e+01, -2.5833e+02, -2.5488e+02,
   9.6402e+02,  6.5511e+01,  5.2334e+02, -8.7954e+01, -1.9940e+02,
  -1.3483e+02, -1.8900e+02, -2.3842e+02,  2.3055e+03,  2.8056e+01,
  -3.3393e+02,  7.2362e+02,  1.4639e+01, -8.0516e+01,  0.0000e+00,
  -2.4787e+02,  7.0107e+02,  3.2558e+02,  0.0000e+00, -3.5865e+02,
  -5.8084e+01, -1.3561e+02, -1.2828e+02,  6.1617e+02, -7.9659e+01,
  -1.0302e+02, -3.3565e+02, -1.1686e+02, -5.9949e+01,  0.0000e+00,
  -1.0193e+02, -2.2464e+02,  2.2219e+01, -1.5416e+02, -9.0478e+01,
   0.0000e+00,  3.8388e+01, -8.1557e+01, -2.9488e+02,  2.3173e+02,
   7.4664e+01, -5.2201e+02, -6.4350e+01, -1.1724e+02,  0.0000e+00,
   8.7374e+02,  0.0000e+00, -8.2026e+01, -2.4626e+02,  1.7198e+01,
  -4.2745e+02, -2.0455e+02,  2.6897e+01,  1.4679e+01, -9.7369e+01,
  -4.8183e+01,  3.5050e+01,  0.0000e+00, -1.6176e+02, -6.0038e+01,
  -4.0910e+02,  1.1641e+02, -7.7524e+01,  2.0377e+01,  0.0000e+00,
   6.6899e+02,  2.2784e+02, -1.6917e+02, -5.9267e+01, -8.5249e+01,
   7.6018e+01,  5.0205e+00, -5.4088e+01, -1.6777e+01,  6.9590e+02,
   7.5332e+02,  1.0139e+03,  2.6839e+02, -1.0510e+02,  0.0000e+00,
   1.0763e+02, -2.6450e+03,  1.2204e+01, -2.5570e+01]], intercept: [290.43782162]"
ridge,Y,596556.2251113966,"alpha: 100, coefficient: [ 6.0814e+00, -1.0430e+02,  4.8083e+01,  9.8301e+01,  9.4665e+01,
 -5.8470e+01, -6.4163e+01, -2.1893e+01, -5.1824e+01,  3.3844e+00,
 -2.5972e+01, -6.1437e+01,  1.3344e+01,  1.9897e+01,  2.6378e+01,
  1.8282e+01,  1.7072e+01,  7.8547e+00,  3.7089e+01,  1.9677e+01,
  4.0951e+01,  5.1920e+00,  4.5384e+01, -5.6064e+01, -4.0851e+01,
 -5.8728e+01, -7.7104e-01, -1.7665e+01, -1.7000e+01, -1.5451e+01,
 -3.1290e+00,  4.3887e+01,  1.9312e+01, -1.7253e+01,  3.9412e+01,
 -1.6793e+02,  1.2737e+02,  1.1460e+00, -4.9382e+01,  3.2990e+01,
 -2.4823e+01,  4.1215e+01, -4.3727e+00, -3.1349e+00, -2.6810e+01,
 -5.1228e+00, -1.1279e+01, -7.8238e+00, -1.1117e+02,  0.0000e+00,
  1.2849e+01,  4.3856e-01, -1.4759e+01, -6.9360e+01, -2.8922e+01,
 -3.8457e+00, -4.5091e+00,  9.2051e+01,  2.3716e+00,  3.9448e+02,
 -1.2778e+01, -7.2470e+00, -5.0495e+00, -2.1054e+01, -4.2191e+01,
 -1.3727e+01,  0.0000e+00,  1.9325e+01,  1.8435e+02, -9.9941e+00,
  4.5265e+01,  7.1942e+01, -3.7095e+01, -9.5290e+00, -8.5277e+01,
  5.2275e+01,  7.1751e+01, -4.5401e+00, -6.1271e+00,  0.0000e+00,
 -2.0394e+01, -8.2987e+01, -3.4899e+01,  3.7092e-01, -2.5252e+01,
 -5.0151e+01, -1.1405e+01, -2.5901e+01,  1.0063e+02, -2.5531e+01,
 -1.6092e+01, -1.8734e+01,  4.8971e+00, -4.6785e+00, -9.9444e+01,
  0.0000e+00, -1.1064e+00,  1.7701e+02, -1.3912e+02, -3.7423e+01,
  1.1121e+02, -3.0553e+01,  0.0000e+00, -7.3700e+00, -4.7937e+01,
  1.9718e+01,  1.5347e+01, -1.4734e+00, -1.1896e+02, -2.2609e+01,
 -9.6425e+00, -1.7801e+01,  0.0000e+00, -2.6213e+01, -4.7466e+00,
  4.5921e+01, -1.3421e+01, -9.3920e+00, -1.1832e+02, -3.3894e+01,
  1.0359e+02,  0.0000e+00, -1.1878e+02, -5.6164e+01,  8.4622e-01,
 -8.8225e+00, -6.5996e+00, -1.2245e+01,  2.8058e+01,  3.4830e+01,
 -1.0177e+02, -7.0088e+00,  2.0299e+00, -2.8093e+01, -2.9474e+01,
  2.2577e+01, -1.2039e+02, -2.3082e+00, -5.3203e+01, -5.5419e+00,
  3.4245e+01, -6.4400e+00, -5.9447e+01, -2.7198e+00, -6.9131e+01,
 -4.5523e+01,  5.9244e+01, -7.2678e+00, -1.1366e+02, -6.5467e+00,
 -1.2798e+01,  6.8496e+01, -2.6365e+01,  3.8096e+00, -1.9861e+01,
 -2.5092e+01, -2.2144e+01, -7.0602e+00, -2.8209e+01, -4.1100e+00,
 -6.5267e+01, -5.6937e+00, -8.0906e+00, -6.9888e+00, -3.7292e+01,
 -2.9395e+01, -5.5874e+01, -2.5271e+01, -2.0769e+00, -2.1671e+01,
  4.4324e+01, -1.2241e+01, -2.8478e+01, -9.5045e+00, -5.1671e+01,
 -5.4440e+00,  3.7510e+01, -1.1759e+01,  5.5423e+01,  1.0473e+01,
 -9.6204e+00, -8.9800e+00, -3.9792e+00, -4.1705e+00,  9.6613e+00,
 -1.3382e+01, -6.0437e+01, -2.1756e+01,  0.0000e+00, -2.9017e+01,
 -8.5695e+01, -3.2683e+02, -4.1417e+01, -7.3800e+00,  1.1411e+02,
 -8.2481e+00, -2.1667e+01, -4.1535e+01, -7.2735e+01, -2.3692e+01,
 -5.8062e+01, -7.4192e+01, -6.3036e+01, -1.3651e+01, -6.2809e+00,
 -6.2133e+01, -4.0235e+01, -4.7896e+01, -7.6559e+00, -3.1445e+01,
 -9.9019e+00,  7.9874e+01, -1.2642e+01, -3.1431e+00, -2.7197e+01,
 -1.4083e+01, -5.1355e+00,  2.2733e+00,  9.9990e+01, -6.1728e+00,
 -9.3205e+00, -4.9544e-01, -1.0343e+01, -3.9269e+01,  3.5760e+01,
  2.7911e-01, -2.4957e+01, -8.9396e+01, -2.9016e+01, -9.6791e+01,
  0.0000e+00,  0.0000e+00, -1.0045e+01, -1.6193e+01, -1.3954e+01,
  0.0000e+00,  0.0000e+00, -1.6455e+01, -6.5415e+01, -1.2136e+02,
 -1.9797e+01, -4.8052e+01,  1.1062e+02,  0.0000e+00,  2.0794e+01,
  2.7495e+01,  4.2222e+01, -1.3103e+01, -3.2551e+01, -1.3511e+01,
 -1.1953e+01,  0.0000e+00, -2.4506e+02, -2.1659e+01, -1.1257e+01,
 -8.6030e+01, -5.2868e+00,  3.5509e+01,  3.7050e+01, -6.3340e+01,
 -1.4644e+01, -1.4099e+02,  4.1837e+02, -6.0847e+01,  0.0000e+00,
 -4.4653e+00,  3.0124e+01, -2.1897e+01, -4.4647e+00,  2.9995e+02,
 -7.1606e+00,  4.5470e+00,  4.8612e+02,  2.5617e+01, -7.2271e+00,
 -1.1674e+01, -3.0934e+01,  2.0559e+02, -1.3065e+01,  1.2261e+01,
 -3.6509e+01, -1.3444e+01, -2.6293e+01,  0.0000e+00, -1.0288e+02,
 -3.5664e+01, -7.6872e+00,  0.0000e+00,  5.2632e+00, -6.3335e+01,
 -1.2735e+01, -5.5815e+00, -3.6193e+01, -4.0026e+01, -3.6981e+01,
 -8.6610e+01, -3.7187e+01, -5.2230e+01, -1.0923e+02, -2.4393e+01,
  3.2797e+00, -1.0016e+02,  0.0000e+00, -1.1698e+01,  0.0000e+00,
 -1.1081e+01, -2.1756e+01, -7.5360e+01, -1.8876e+01, -2.8511e+01,
 -4.4840e+01, -7.9870e+01, -2.1395e+02,  7.7062e+00, -6.9605e+00,
 -8.5105e+01, -2.1405e+01, -4.0613e+01,  3.7954e+02,  0.0000e+00,
 -3.4944e+01,  0.0000e+00, -3.7819e+00, -6.2455e+00,  0.0000e+00,
 -2.6346e+01,  1.3497e+01,  0.0000e+00,  8.5748e+01, -3.3364e+01,
 -1.0938e+01, -3.7650e+01, -9.6426e+00, -1.3517e+01, -9.3462e+00,
  9.2329e+00, -1.3239e+01,  1.2169e+01, -2.5203e+01, -3.4541e+01,
 -1.3495e+00,  0.0000e+00,  0.0000e+00, -9.9571e+00, -1.9181e+01,
  1.6338e+02, -7.1089e+01,  1.5528e+00, -7.4996e+01, -6.7162e+01,
 -5.3387e+01, -1.4102e+00, -5.6508e+01, -9.2782e+00, -1.4393e+00,
 -2.0656e+01, -7.7647e+00, -3.4912e+01, -2.9919e+01, -9.3764e+01,
 -9.0326e+00,  5.7483e+01, -7.3133e+01, -2.6463e+00, -1.1227e+01,
 -1.7229e+00, -5.7139e+00, -2.6264e+01, -1.6461e+00, -2.5826e+01,
 -6.9893e+00, -1.5879e+01,  1.8598e+02, -1.6193e+01, -6.2481e+00,
  2.9098e+00,  7.6184e+02, -1.2133e+01,  7.9632e+01, -1.7989e+00,
 -7.1022e+01,  0.0000e+00,  0.0000e+00, -4.9418e+01, -4.9858e+00,
  5.9254e+01, -2.1289e+01, -7.2953e+00, -7.0284e+00, -6.1761e+00,
 -3.8739e+00, -2.7294e+01,  9.3550e+01, -4.7252e+01, -1.7071e+01,
 -3.8362e+01,  0.0000e+00, -1.1920e+01, -8.1505e+00,  9.9847e+00,
 -6.3260e+00, -8.5250e+00, -1.0769e+01,  0.0000e+00, -6.9977e+01,
 -5.1982e+00, -2.2586e+01, -7.4139e+01,  2.4718e+02, -2.7673e-01,
 -4.6672e+01, -5.8950e+01, -4.9142e+01,  7.6357e+01, -1.2779e+02,
 -1.5027e+01, -3.9007e+01, -1.8606e+01, -3.7729e+01, -4.9165e+00,
 -6.7450e+01,  1.2227e+02, -1.6208e+01, -6.6805e+00,  0.0000e+00,
 -5.7135e+00, -4.3188e+01, -6.3532e+00,  7.4587e+02, -7.2366e+01,
 -1.1421e+02, -6.6762e+00,  7.7779e+00,  0.0000e+00, -6.0290e+00,
 -1.4709e+01,  2.0515e+01, -1.2895e+01,  0.0000e+00, -1.2681e+01,
  1.1858e+02, -2.0368e+01, -4.2777e+01, -3.7729e+01, -6.4232e+01,
 -1.3559e+01,  0.0000e+00, -1.0656e+01,  0.0000e+00, -1.9787e+01,
 -5.0748e+01, -1.0855e+01,  7.6724e-01, -4.2179e+01,  7.2174e+00,
 -3.1001e+01,  1.2846e+02, -1.7418e+01, -1.6288e+01, -9.1454e-01,
 -8.7372e+00,  2.4657e+03, -2.5113e+01, -9.6877e+01, -7.6656e+00,
 -7.4539e+01, -2.5494e+01, -1.1802e+01, -9.8972e+00,  4.5548e+01,
 -1.0901e+01,  2.1377e+01, -8.0461e+01,  7.0006e+00, -1.4545e+02,
 -2.2607e+01, -6.9510e+00, -4.2029e+01, -5.0705e+01,  9.1626e+02,
 -5.5102e+01, -4.8687e+00,  5.2732e+02, -1.6288e+02, -1.2433e+02,
 -3.3065e+01, -1.0399e+01,  4.3628e+00, -1.6267e+01, -2.5474e+01,
  1.3321e+00,  0.0000e+00, -5.0902e+00, -5.6540e+00, -1.8210e+01,
 -2.4416e+01, -3.1613e+01,  1.3523e+03,  4.0952e+01,  0.0000e+00,
 -1.9472e+01, -4.4719e+00, -1.8466e+01, -4.4543e+01, -2.3262e+01,
 -7.4836e+01, -1.6350e+01, -6.2434e+01, -2.5038e+01, -5.0757e+01,
  2.5876e+01, -7.8117e+01, -6.7222e+00, -5.0074e+00, -1.2909e+01,
 -4.0044e+01, -5.5925e+01, -9.2532e+00,  2.7079e+01, -1.0864e+02,
 -3.7624e+01,  1.9776e+02, -1.8951e+01, -5.5877e+00,  1.6363e+01,
 -1.6166e+01, -1.1653e+01, -3.6871e+01, -2.4472e+01,  2.4507e+02,
 -5.5450e+01, -1.0515e+01,  9.6673e+00,  5.7027e+01,  1.2613e+02,
 -1.3533e+01, -3.5687e+02, -1.2824e+01, -3.3611e+00, -3.6554e+01,
 -9.1850e+00, -1.1377e+01,  6.3502e+00, -3.4940e+01, -2.8359e+01,
  3.4673e+01,  2.0250e+01, -1.8155e+01, -9.8268e+00, -1.0908e+01,
 -3.8593e+01, -1.2573e+01, -4.4189e+01,  7.4636e+00, -2.4708e+01,
  1.0045e+02,  5.1131e+01, -2.3379e+00, -3.9288e+01,  0.0000e+00,
  3.6429e+01, -2.5956e+01, -1.5576e+01, -6.0847e+00, -2.4795e+01,
 -8.3131e+00,  5.5436e+00, -3.8258e+00,  1.3995e+01,  6.7065e+00,
 -5.1066e+01, -6.9468e+00,  3.3253e+00, -1.5450e+00, -1.2383e+01,
 -1.3655e+01, -1.0178e+01,  1.6723e+02, -2.0485e+01, -5.7907e+01,
  8.5589e+01,  1.2727e+00, -1.9060e+01, -9.0347e+00, -6.9531e+00,
 -3.0076e+01,  3.0742e+02, -1.8621e+00, -1.8619e+01, -1.8287e+00,
 -1.7270e+01,  0.0000e+00,  3.7665e+00, -6.6831e+00,  0.0000e+00,
  7.5562e+01, -4.6804e+01, -3.6033e+01, -7.6236e+01, -2.9255e+01,
 -2.6916e+02, -1.1168e+02,  0.0000e+00, -9.2383e+00, -1.8984e+01,
  2.4177e+02, -2.9939e+01,  0.0000e+00, -3.6129e+01,  1.3006e+03,
 -2.4010e+01, -9.9911e+00, -3.3752e+01, -3.2482e+01, -9.9929e+00,
  1.8751e+00,  1.5158e+00, -1.8309e+01, -6.9681e+00, -7.5754e+01,
 -2.7869e+01, -9.2458e+01, -2.5344e+00, -4.4080e+01, -2.7753e+01,
  0.0000e+00, -4.5559e+01,  2.0297e+01, -7.9586e+01,  1.1222e+02,
  6.9683e+01, -1.0260e+01, -3.7770e+01, -5.2016e+01, -9.3062e-01,
 -8.1075e+01, -2.1047e+01, -3.4882e+01,  8.8078e+00,  7.6123e+01,
 -1.0042e+01, -1.2168e+01, -3.1847e+01,  1.4673e+00, -4.7970e+01,
 -2.3897e+01,  2.0363e+01,  5.8696e+00, -3.4109e+01, -1.1153e+01,
  4.1095e+00, -1.9645e+01, -9.8058e+00, -4.5749e+01, -6.1672e+01,
 -4.4707e+01, -2.4760e+01, -6.0864e+01,  1.2515e+00, -4.8633e+00,
 -4.6692e+00, -1.1324e+01, -6.1212e-01, -6.2592e+00, -1.9373e+01,
  2.3754e+02,  3.0369e+00, -7.1267e+00, -2.5104e+01, -4.5808e+00,
 -5.1743e+00, -1.6796e+01, -2.2237e+01, -1.8330e+01, -2.0394e+02,
  2.2638e+01, -5.3729e+00, -5.4769e+00, -4.2887e+01, -1.3941e+01,
  6.5986e+01, -3.0373e+00,  2.5598e+01, -1.5995e+01, -3.4264e+01,
 -4.9680e+01, -6.9505e+01, -2.0034e+02,  2.0058e+02, -2.8282e+01,
 -2.6094e+02,  6.6736e+01, -2.5366e+01, -2.6634e+01, -2.9099e+01,
 -4.0425e+01,  1.3418e+01,  1.0964e+02,  0.0000e+00, -5.2286e+01,
 -3.7627e+00, -2.4427e+01, -1.2444e+02,  1.2491e+02, -2.7507e+01,
 -8.9635e+01, -2.3997e+01, -9.4663e+01, -2.2716e+00, -1.3563e+01,
 -4.9000e+00, -6.7558e+01,  8.7580e+00, -1.1550e+02, -5.0425e+01,
 -3.6041e+00, -6.2051e+00, -5.9269e+00, -9.7939e+01,  1.8556e+01,
 -2.9838e+01, -3.2350e+01, -4.2716e+00, -2.2201e+01, -1.6054e+00,
  1.2053e+02, -2.9073e-01, -5.3010e+00, -1.0761e+02, -4.8233e-01,
 -1.1750e+02, -3.7605e+01,  1.4437e+00,  4.7307e+00, -7.2155e+00,
 -1.3029e+01,  1.1372e+00,  0.0000e+00, -4.3792e+01, -2.6424e+00,
 -7.3426e+01, -8.2325e+00, -9.3029e-01, -1.5406e+01,  0.0000e+00,
  2.9979e+01,  1.9452e+02, -1.2026e+02, -5.5213e+01,  1.2760e+02,
 -2.4213e+01,  5.0379e+00, -3.1217e+01, -2.0203e+01,  1.4951e+02,
  5.1166e+01,  1.3867e+02,  2.2747e+00,  9.4298e+00,  0.0000e+00,
 -1.5289e+01, -3.8217e+02, -3.4587e+01,  4.9428e+00], intercept: [323.46146663]"
